OEM_No,Repco_Link
DS303A1B01XEA002XH,https://www.repcoinc.com/contacts/259A5562G1_General_Electric_Contactors_DS303A6_DS303A7-ecmsd.html,
DS303A2B01XFA002XK,https://www.repcoinc.com/contacts/259A5562G1_General_Electric_Contactors_DS303A6_DS303A7-ecmsd.html,
DS303A2C01FXA002XN,https://www.repcoinc.com/contacts/259A5562G1_General_Electric_Contactors_DS303A6_DS303A7-ecmsd.html,
DS303A2C02FXA022XK,https://www.repcoinc.com/contacts/259A5562G1_General_Electric_Contactors_DS303A6_DS303A7-ecmsd.html,
DS303A3A01GXA003XH,https://www.repcoinc.com/contacts/259A5562G1_General_Electric_Contactors_DS303A6_DS303A7-ecmsd.html,
DS303A3A01GXA021XH,https://www.repcoinc.com/contacts/259A5562G1_General_Electric_Contactors_DS303A6_DS303A7-ecmsd.html,
DS303A3B01XGA002XK,https://www.repcoinc.com/contacts/259A5562G1_General_Electric_Contactors_DS303A6_DS303A7-ecmsd.html,
DS303A3C01GXA003XF,https://www.repcoinc.com/contacts/259A5562G1_General_Electric_Contactors_DS303A6_DS303A7-ecmsd.html,
DS303A3C01GXA003XJ,https://www.repcoinc.com/contacts/259A5562G1_General_Electric_Contactors_DS303A6_DS303A7-ecmsd.html,
DS303A3D01GGA003XF,https://www.repcoinc.com/contacts/259A5562G1_General_Electric_Contactors_DS303A6_DS303A7-ecmsd.html,
DS303A4A01HXA002XJ,https://www.repcoinc.com/contacts/259A5562G1_General_Electric_Contactors_DS303A6_DS303A7-ecmsd.html,
DS303A4A01HXA002XL,https://www.repcoinc.com/contacts/259A5562G1_General_Electric_Contactors_DS303A6_DS303A7-ecmsd.html,
DS303A4B01XHA002XF,https://www.repcoinc.com/contacts/259A5562G1_General_Electric_Contactors_DS303A6_DS303A7-ecmsd.html,
DS303A4B01XHA003XH,https://www.repcoinc.com/contacts/259A5562G1_General_Electric_Contactors_DS303A6_DS303A7-ecmsd.html,
DS303A5A01JXA003XH,https://www.repcoinc.com/contacts/259A5562G1_General_Electric_Contactors_DS303A6_DS303A7-ecmsd.html,
DS303A5A01JXA010XF,https://www.repcoinc.com/contacts/259A5562G1_General_Electric_Contactors_DS303A6_DS303A7-ecmsd.html,
DS303A5A01JXA022XH,https://www.repcoinc.com/contacts/259A5562G1_General_Electric_Contactors_DS303A6_DS303A7-ecmsd.html,
DS303A5C01JXA003XG,https://www.repcoinc.com/contacts/259A5562G1_General_Electric_Contactors_DS303A6_DS303A7-ecmsd.html,
DS303A6A01KXA003XG,https://www.repcoinc.com/contacts/259A5562G1_General_Electric_Contactors_DS303A6_DS303A7-ecmsd.html,
DS303A7A01LXA002XF,https://www.repcoinc.com/contacts/259A5562G1_General_Electric_Contactors_DS303A6_DS303A7-ecmsd.html,
DS303B2A01FXA013XK,https://www.repcoinc.com/contacts/259A5562G1_General_Electric_Contactors_DS303A6_DS303A7-ecmsd.html,
DS303B3A01GXA002XF,https://www.repcoinc.com/contacts/259A5562G1_General_Electric_Contactors_DS303A6_DS303A7-ecmsd.html,
